{"cameraMode":{"drawMode":0,"name":"Shaded","section":"Shading Mode"},"sceneLighting":true,"audioPlay":false,"sceneViewState":{"m_AlwaysRefresh":false,"showFog":true,"showSkybox":true,"showFlares":true,"showImageEffects":true,"showParticleSystems":true,"showVisualEffectGraphs":true,"m_FxEnabled":true},"in2DMode":false,"pivot":{"x":22.33293914794922,"y":-30.49679183959961,"z":13.445308685302735},"rotation":{"x":-0.18646393716335298,"y":0.7998077869415283,"z":-0.31234315037727358,"w":-0.47747254371643069},"size":60.077049255371097,"orthographic":false}